[2022],[],Emily,Cooper
[2022;2018;2016;2014],[2002],Jonathan,Pillow
[2022],[],John,Serences
[],[2022;2018],Lea,Duncker
[],[2022],Daniel,Birman
[2018;2016;2014;2012;2010;2008],[1996],Geoff,Boynton
[2018;2016;2014;2012;2010;2008],[2000;1998],Greg,Horwitz
[2018],[2010],Marlene,Cohen
[],[2016],Dina,Popovkina
[],[2018;2016],Jacob,Yates
[2014,2012,2010,2008,2006],[],Stefan,Treue
[],[2014],Pascal,Wallisch
[],[2014],Marjena,Popovic
[],[2012],Jeremy,Freeman
[],[2012],Lauren,Jepson
[],[2010],Roozbeh,Kiani
[],[2008],Greg,Field
[2006;2004],[],Jonathan,Demb
[2006;2004;2002;2000;1998;1996;1994],[1992],Eero,Simoncelli
[],[2006;2004],Nicole,Rust
[2004;2002;2000],[],Paul,Glimcher
[],[2004],Bart,Borghuis
[2002;2000],[1992],EJ,Chichilnisky
[],[2002],Anne,Churchland
[],[2000],Justin,Gardner
[1998;1996;1994;1992],[],David,Heeger
[1998;1996],[],Michael,Shadlen
[],[1998],Felix,Wichmann
[],[1996],Patrick,Teo
[1994;1992;1989;1987;1985],[],Tony,Movshon
[],[1994],Matteo,Carandini
[],[1994],Trevor,Darrell
[1992;1989;1987;1985],[],Ellen,Hildreth
[],[1989],Karl,Gegenfurtner
[],[1989;1987],Ian,Horswill
[],[1989],Allen,Poirson
[],[1987],David,Clemens
[1985],[],Christopher,Atkeson
[1985],[],Emilio,Bizzi