Cooper,http://www.emilyacooper.org
Pillow,http://pillowlab.princeton.edu/
Serences,https://serenceslab.ucsd.edu/
Duncker,https://leaduncker.github.io/
Birman,https://danbirman.com
Boynton,
Horwitz,
Cohen,http://cohenlab.com/
Popovkina,
Yates,
Treue,
Wallisch,
Popovic,
Freeman,
Jepson,
Kiani,
Field,
Demb,
Simoncelli,
Rust,
Glimcher,
Borghuis,
Chichilnisky,
Churchland,
Gardner,
Heeger,
Shadlen,
Wichmann,
Teo,
Movshon,
Carandini,
Darrell,
Hildreth,
Gegenfurtner,
Horswill,
Poirson,
Clemens,
Atkeson,
Bizzi